DROP TABLE TABLE 6;

;




DROP TABLE groupDetails;

CREATE TABLE `groupDetails` (
  `id` int(11) NOT NULL AUTO_INCREMENT,
  `groupId` int(11) NOT NULL,
  `studentId` int(11) NOT NULL,
  `price` float NOT NULL,
  PRIMARY KEY (`id`)
) ENGINE=InnoDB AUTO_INCREMENT=24 DEFAULT CHARSET=utf8;

INSERT INTO groupDetails VALUES("5","36","78","20");
INSERT INTO groupDetails VALUES("16","41","114","15");
INSERT INTO groupDetails VALUES("17","41","115","15");
INSERT INTO groupDetails VALUES("18","42","113","20");
INSERT INTO groupDetails VALUES("19","43","116","15");
INSERT INTO groupDetails VALUES("20","44","117","20");
INSERT INTO groupDetails VALUES("21","45","118","18");
INSERT INTO groupDetails VALUES("22","46","68","20");
INSERT INTO groupDetails VALUES("23","47","69","25");



DROP TABLE groups;

CREATE TABLE `groups` (
  `id` int(11) NOT NULL AUTO_INCREMENT,
  `subjectId` int(11) NOT NULL,
  `title` varchar(30) NOT NULL,
  PRIMARY KEY (`id`)
) ENGINE=InnoDB AUTO_INCREMENT=48 DEFAULT CHARSET=utf8;

INSERT INTO groups VALUES("36","10","Ντόρα Prolog");
INSERT INTO groups VALUES("41","1","Χατζής Μαντής");
INSERT INTO groups VALUES("42","1","Κουτσούκος");
INSERT INTO groups VALUES("43","1","Φράττης Junior");
INSERT INTO groups VALUES("44","1","Νάσια");
INSERT INTO groups VALUES("45","1","Κοκλιώτης ΑΕΠΠ");
INSERT INTO groups VALUES("46","1","Φράττης Τάσος");
INSERT INTO groups VALUES("47","5","Σοφία Java");



DROP TABLE lessons;

CREATE TABLE `lessons` (
  `id` int(11) NOT NULL AUTO_INCREMENT,
  `studentId` int(11) NOT NULL,
  `groupId` int(11) NOT NULL,
  `paymentId` int(11) NOT NULL,
  `hours` float NOT NULL,
  `date` datetime NOT NULL,
  `price` float NOT NULL,
  `cost` float NOT NULL,
  PRIMARY KEY (`id`)
) ENGINE=InnoDB AUTO_INCREMENT=68 DEFAULT CHARSET=utf8;

INSERT INTO lessons VALUES("38","78","36","0","2","2013-12-20 00:00:00","20","40");
INSERT INTO lessons VALUES("39","78","36","0","2","2013-12-24 00:00:00","20","40");
INSERT INTO lessons VALUES("40","78","36","0","2","2013-12-28 00:00:00","20","40");
INSERT INTO lessons VALUES("41","78","36","0","2","2013-12-31 00:00:00","20","40");
INSERT INTO lessons VALUES("42","78","36","0","2","2014-01-02 00:00:00","20","40");
INSERT INTO lessons VALUES("43","78","36","0","2","2014-01-06 00:00:00","20","40");
INSERT INTO lessons VALUES("44","78","36","0","2","2014-01-07 00:00:00","20","40");
INSERT INTO lessons VALUES("45","78","36","0","2","2014-01-08 00:00:00","20","40");
INSERT INTO lessons VALUES("46","68","46","0","1","2014-01-03 00:00:00","20","20");
INSERT INTO lessons VALUES("47","68","46","0","1","2014-01-07 00:00:00","20","20");
INSERT INTO lessons VALUES("48","118","45","0","2","2014-01-07 00:00:00","18","36");
INSERT INTO lessons VALUES("49","117","44","0","1","2014-01-03 00:00:00","20","20");
INSERT INTO lessons VALUES("50","117","44","0","1","2014-01-07 00:00:00","20","20");
INSERT INTO lessons VALUES("51","116","43","0","1","2014-01-03 00:00:00","15","15");
INSERT INTO lessons VALUES("52","116","43","0","1","2014-01-07 00:00:00","15","15");
INSERT INTO lessons VALUES("53","114","41","0","1","2014-01-03 00:00:00","15","15");
INSERT INTO lessons VALUES("54","115","41","0","1","2014-01-03 00:00:00","15","15");
INSERT INTO lessons VALUES("55","114","41","0","1","2014-01-07 00:00:00","15","15");
INSERT INTO lessons VALUES("56","115","41","0","1","2014-01-07 00:00:00","15","15");
INSERT INTO lessons VALUES("57","114","41","0","1","2014-01-09 00:00:00","15","15");
INSERT INTO lessons VALUES("58","115","41","0","1","2014-01-09 00:00:00","15","15");
INSERT INTO lessons VALUES("59","113","42","0","1","2014-01-09 00:00:00","20","20");
INSERT INTO lessons VALUES("60","116","43","0","1","2014-01-09 00:00:00","15","15");
INSERT INTO lessons VALUES("61","117","44","0","1","2014-01-09 00:00:00","20","20");
INSERT INTO lessons VALUES("62","113","42","0","1","2014-01-03 00:00:00","20","20");
INSERT INTO lessons VALUES("63","113","42","0","1","2014-01-06 00:00:00","20","20");
INSERT INTO lessons VALUES("64","69","47","0","2","2014-10-01 00:00:00","25","50");
INSERT INTO lessons VALUES("65","68","46","0","1","2014-10-01 00:00:00","20","20");
INSERT INTO lessons VALUES("66","118","45","0","1","2014-10-01 00:00:00","18","18");
INSERT INTO lessons VALUES("67","78","36","0","1","2014-01-28 00:00:00","20","20");



DROP TABLE students;

CREATE TABLE `students` (
  `id` int(6) NOT NULL AUTO_INCREMENT,
  `lastName` varchar(30) NOT NULL,
  `firstName` varchar(25) NOT NULL,
  `mobile` varchar(10) NOT NULL,
  `phone` varchar(10) NOT NULL,
  `sugPrice` float NOT NULL,
  `remarks` text NOT NULL,
  `creationDate` datetime NOT NULL,
  `editDate` datetime NOT NULL,
  `rest` float NOT NULL,
  PRIMARY KEY (`id`)
) ENGINE=InnoDB AUTO_INCREMENT=119 DEFAULT CHARSET=utf8;

INSERT INTO students VALUES("11","ΣΑΛΙΧΟΣ","ΠΕΤΡΟΣ","6942219569","","30","ΣΑΛΙΧΟΣ ΜΙΧΑΛΗΣ 6944332522","0000-00-00 00:00:00","0000-00-00 00:00:00","0");
INSERT INTO students VALUES("12","ΠΕΡΔΙΚΟΥΡΗΣ","ΤΣΙΛΙΒΙΓΚΟΣ","6949452519","2104644500","15","ΝΕΚΤΑΡΙΟΣ 6977094396\nΦΡΟΝΤΙΣΤΗΡΙΟ 2104651576-7\nInterActive 2104644500","0000-00-00 00:00:00","0000-00-00 00:00:00","0");
INSERT INTO students VALUES("13","ΜΑΚΡΗ","ΕΛΙΝΑ","6977255262","2104673741","30","","0000-00-00 00:00:00","0000-00-00 00:00:00","0");
INSERT INTO students VALUES("14","ΚΕΧΑΓΙΑ","ΜΑΡΙΑ","6972024998","2104673058","30","ΑΘΗΝΑ 2108837054","0000-00-00 00:00:00","0000-00-00 00:00:00","0");
INSERT INTO students VALUES("15","ΠΕΤΡΟΥ","ΓΙΩΡΓΟΣ","6973920999","2104677308","20","ΜΗΤΕΡΑ 6974359224","0000-00-00 00:00:00","0000-00-00 00:00:00","0");
INSERT INTO students VALUES("16","ΠΟΥΤΟΣ","ΔΗΜΗΤΡΗΣ","6948695131","","15","ΑΔΕΛΦΗ 6970885436","0000-00-00 00:00:00","0000-00-00 00:00:00","0");
INSERT INTO students VALUES("17","ΛΙΒΑΝΕΙΟΥ","ΜΑΝΟΣ","6973244308","2104658555","30","ΛΙΒΑΝΕΙΟΥ ΒΑΣΩ 6974464405\nΤΡΙΠΟΛΗ 2710239575","0000-00-00 00:00:00","0000-00-00 00:00:00","0");
INSERT INTO students VALUES("18","ΜΠΟΥΤΣΗ","ΛΙΛΑ","6932250234","2104673236","30","","0000-00-00 00:00:00","0000-00-00 00:00:00","0");
INSERT INTO students VALUES("19","ΓΕΝΙΚΑΛΛΙΩΤΗ","ΕΛΕΝΗ","6944690553","","20","ΜΗΤΕΡΑ 6946399563","0000-00-00 00:00:00","0000-00-00 00:00:00","0");
INSERT INTO students VALUES("20","ΣΤΑΜΙΔΗ","ΓΕΩΡΓΙΑ","6973569596","","30","","0000-00-00 00:00:00","0000-00-00 00:00:00","0");
INSERT INTO students VALUES("21","ΕΥΣΤΑΘΙΟΥ","ΘΟΔΩΡΗΣ","6978327427","2104654814","25","","0000-00-00 00:00:00","0000-00-00 00:00:00","0");
INSERT INTO students VALUES("22","ΓΚΙΝΗΣ","ΠΑΝΑΓΙΩΤΗΣ","6937015024","","20","ΚΑΤΣΑΡΟΥ ΜΑΡΙΑ 6937755201","0000-00-00 00:00:00","0000-00-00 00:00:00","0");
INSERT INTO students VALUES("23","ΠΑΡΘΕΝΗ","ΑΝΑΣΤΑΣΙΑ","6939535953","2104676177","20","ΓΚΑΝΑ ΕΛΕΝΗ 6936779928","0000-00-00 00:00:00","0000-00-00 00:00:00","0");
INSERT INTO students VALUES("24","ΛΑΤΑΝΙΩΤΗΣ","ΓΙΩΡΓΟΣ","6975682797","2104676385","15","","0000-00-00 00:00:00","0000-00-00 00:00:00","0");
INSERT INTO students VALUES("25","ΣΟΦΡΑΣ","ΒΑΓΓΕΛΗΣ","","2104640027","20","","0000-00-00 00:00:00","0000-00-00 00:00:00","0");
INSERT INTO students VALUES("26","ΚΟΥΚΟΥΜΑΝΗ","ΚΑΤΕΡΙΝΑ","6945241906","2104665159","20","ΜΠΕΡΔΕΣΗ ΑΘΗΝΑ 6974558378","0000-00-00 00:00:00","0000-00-00 00:00:00","0");
INSERT INTO students VALUES("27","ΛΟΥΡΙΔΑ","ΜΙΛΙΤΣΑ","","2104662592","15","","0000-00-00 00:00:00","0000-00-00 00:00:00","0");
INSERT INTO students VALUES("28","ΔΗΜΗΤΡΙΑΔΗ","ΜΑΡΙΑ","6974205034","","30","","0000-00-00 00:00:00","0000-00-00 00:00:00","0");
INSERT INTO students VALUES("29","ΕΥΣΤΑΘΙΟΥ","ΝΙΚΟΣ","6978599806","2104654814","25","","0000-00-00 00:00:00","0000-00-00 00:00:00","0");
INSERT INTO students VALUES("30","ΛΑΘΟΥΡΗΣ","ΠΕΤΡΟΣ","6973473094","2104656573","30","","0000-00-00 00:00:00","0000-00-00 00:00:00","0");
INSERT INTO students VALUES("31","ΤΣΙΓΚΑΚΟΥ","ΑΚΡΙΒΗ","6981170861","","15","Παλιό κινητό : 6971652045","0000-00-00 00:00:00","0000-00-00 00:00:00","0");
INSERT INTO students VALUES("32","ΜΠΕΓΝΗΣ","ΝΑΣΟΣ","6945898259","","23","ΜΠΕΓΝΗ ΠΟΠΗ 6937750850","0000-00-00 00:00:00","0000-00-00 00:00:00","0");
INSERT INTO students VALUES("33","ΑΓΑΠΟΓΛΟΥ","ΤΑΣΟΣ","6979919144","","30","","0000-00-00 00:00:00","0000-00-00 00:00:00","0");
INSERT INTO students VALUES("34","ΑΝΔΡΕΪΚΟΥ","ΒΑΣΙΛΗΣ","6941445349","2104672764","23","Ανδρεΐκου Στέλλα (μαμά)","0000-00-00 00:00:00","0000-00-00 00:00:00","0");
INSERT INTO students VALUES("35","ΜΑΚΡΗΣ","ΔΗΜΗΤΡΗΣ","6973470126","","20","ΣΤΕΛΛΑ ΜΑΚΡΗ 6974496144","0000-00-00 00:00:00","0000-00-00 00:00:00","0");
INSERT INTO students VALUES("36","ΔΙΑΜΑΝΤΑΚΗΣ","ΓΙΩΡΓΟΣ","6978184374","2104657017","20","ΔΙΑΜΑΝΤΑΚΗ ΕΥΓΕΝΙΑ","0000-00-00 00:00:00","0000-00-00 00:00:00","0");
INSERT INTO students VALUES("37","ΔΑΜΙΓΟΥ","ΦΩΤΕΙΝΗ","6972110850","","15","","0000-00-00 00:00:00","0000-00-00 00:00:00","0");
INSERT INTO students VALUES("38","ΜΑΥΡΑΚΗ","ΜΑΡΙΑ","6944653482","","30","","0000-00-00 00:00:00","0000-00-00 00:00:00","0");
INSERT INTO students VALUES("39","ΣΟΦΡΑ","ΚΑΤΕΡΙΝΑ","6972183391","2104676972","20","","0000-00-00 00:00:00","0000-00-00 00:00:00","0");
INSERT INTO students VALUES("40","ΚΕΤΣΙΤΖΙΑΝ","ΜΑΝΩΛΗΣ","6942288701","2104317284","15","6974696404","2013-11-20 12:05:00","2013-11-21 09:50:00","0");
INSERT INTO students VALUES("41","ΜΑΘΕΣΗΣ","ΓΙΑΝΝΗΣ","6988329201","2104658171","15","Αγγελική Μάθεση 6977280768","0000-00-00 00:00:00","0000-00-00 00:00:00","0");
INSERT INTO students VALUES("42","ΚΟΡΡΟΣ","ΗΛΙΑΣ","6988329222","2104640454","15","","0000-00-00 00:00:00","0000-00-00 00:00:00","0");
INSERT INTO students VALUES("45","ΠΑΠΑΪΣΙΔΩΡΟΥ","ΓΙΑΝΝΗΣ","6984617439","","15","ΠΑΠΑΪΣΙΔΩΡΟΥ ΣΠΥΡΟΣ \n6984617437","0000-00-00 00:00:00","0000-00-00 00:00:00","0");
INSERT INTO students VALUES("46","ΣΤΑΜΠΟΥΛΗΣ","ΝΙΚΟΣ","6949785351","","15","","0000-00-00 00:00:00","0000-00-00 00:00:00","0");
INSERT INTO students VALUES("47","ΧΑΤΖΟΒΟΥΛΟΣ","ΣΩΤΗΡΗΣ","6972147236","2104684331","15","ΧΑΤΖΟΒΟΥΛΟΥ 6948288339","0000-00-00 00:00:00","0000-00-00 00:00:00","0");
INSERT INTO students VALUES("48","ΣΤΑΜΠΑΜΠΑΣ","ΑΡΓΥΡΗΣ","6983809862","2104657836","15","stababas7@hotmail.com\nΣταμπάμπας Γιώργος\n6932472063","0000-00-00 00:00:00","0000-00-00 00:00:00","0");
INSERT INTO students VALUES("49","ΣΤΟΛΑΚΗΣ","ΔΗΜΗΤΡΗΣ","6937188670","","25","","0000-00-00 00:00:00","0000-00-00 00:00:00","0");
INSERT INTO students VALUES("50","ΔΗΜΗΤΡΑΣΚΟΥ","ΣΑΛΩΜΗ","6989549432","","20","ΔΗΜΗΤΡΕΣΚΟΥ ΕΥΑΓΓΕΛΙΑ\n6977234455\nΠΑΛΙΟ ΚΙΝΗΤΟ 6942776738","0000-00-00 00:00:00","0000-00-00 00:00:00","0");
INSERT INTO students VALUES("51","ΓΙΑΚΑΛΟΥ","ΒΟΥΛΑ","6976135831","2104686274","18","6988949302\nvoula_aggeloudi@hotmail.com","0000-00-00 00:00:00","0000-00-00 00:00:00","0");
INSERT INTO students VALUES("52","ΜΑΝΤΖΑΝΑΣ","ΣΤΕΦΑΝΟΣ","6989122464","2104662510","25","Μητέρα : 6945301922","0000-00-00 00:00:00","0000-00-00 00:00:00","0");
INSERT INTO students VALUES("53","ΔΡΥΜΟΥΣΗΣ","ΔΗΜΗΤΡΗΣ","6972895164","2104658555","20","Αδελφός Μάνου","0000-00-00 00:00:00","0000-00-00 00:00:00","0");
INSERT INTO students VALUES("54","ΒΕΝΕΤΣΙΑΝΟΣ","ΑΡΓΥΡΗΣ","6979983060","","20","","0000-00-00 00:00:00","0000-00-00 00:00:00","0");
INSERT INTO students VALUES("55","ΤΣΟΥΚΑΛΑΣ","ΣΤΡΑΤΟΣ","6932567392","","20","","0000-00-00 00:00:00","0000-00-00 00:00:00","0");
INSERT INTO students VALUES("56","ΚΡΕΒΒΑΤΑΣ","ΤΡΙΑΝΤΑΦΥΛΛΟΣ","6939803066","","20","6973068366","0000-00-00 00:00:00","0000-00-00 00:00:00","0");
INSERT INTO students VALUES("57","ΒΑΞΕΒΑΝΙΔΗΣ","ΜΕΛΕΤΗΣ","6948639723","","20","Μαμά(Ρούλα) : 6979442194","0000-00-00 00:00:00","0000-00-00 00:00:00","0");
INSERT INTO students VALUES("58","ΦΟΥΡΙΚΗΣ","ΠΑΝΑΓΙΩΤΗΣ","6977492804","2104641067","23","Μαμά Κατερίνα","0000-00-00 00:00:00","0000-00-00 00:00:00","0");
INSERT INTO students VALUES("59","ΠΑΠΑΪΣΙΔΩΡΟΥ","ΜΙΧΑΛΗΣ","6976967593","","15","","0000-00-00 00:00:00","0000-00-00 00:00:00","0");
INSERT INTO students VALUES("60","ΦΙΛΙΑΓΚΟΣ","ΓΙΑΝΝΗΣ","6974626369","2104640691","15","","0000-00-00 00:00:00","0000-00-00 00:00:00","0");
INSERT INTO students VALUES("61","ΧΡΙΣΤΟΔΟΥΛΟΥ","ΗΛΙΑΣ","6985783918","","20","","0000-00-00 00:00:00","0000-00-00 00:00:00","0");
INSERT INTO students VALUES("62","ΠΑΣΛΗΣ","ΚΩΝΣΤΑΝΤΙΝΟΣ","2104656923","6970803997","15","","0000-00-00 00:00:00","0000-00-00 00:00:00","0");
INSERT INTO students VALUES("63","ΜΑΛΕΤΣΙΚΟΥ","ΟΛΓΑ","6976534729","2104674642","30","","0000-00-00 00:00:00","0000-00-00 00:00:00","0");
INSERT INTO students VALUES("64","ΚΑΠΕΤΑΝΙΟΣ","ΣΤΑΜΑΤΗΣ","6975710119","","15","ΧΡΥΣΟΧΟΟΥ ΑΥΓΗ 6972000431","0000-00-00 00:00:00","0000-00-00 00:00:00","0");
INSERT INTO students VALUES("65","ΜΠΟΥΤΑΛΗΣ","ΣΠΥΡΟΣ","6983462296","","15","","0000-00-00 00:00:00","0000-00-00 00:00:00","0");
INSERT INTO students VALUES("66","ΛΑΣΚΑΡΙΔΟΥ","ΡΕΝΙΑ","6980701040","","15","Μπαμπάς 6984490374","0000-00-00 00:00:00","0000-00-00 00:00:00","0");
INSERT INTO students VALUES("67","ΜΠΑΜΠΙΛΗΣ","ΓΙΩΡΓΟΣ","6980240758","2104671297","15","","0000-00-00 00:00:00","0000-00-00 00:00:00","0");
INSERT INTO students VALUES("68","ΦΡΑΤΤΗΣ","ΤΑΣΟΣ","6975791151","2104654940","15","","0000-00-00 00:00:00","0000-00-00 00:00:00","60");
INSERT INTO students VALUES("69","ΑΝΑΓΝΩΣΤΟΠΟΥΛΟΥ","ΣΟΦΙΑ","6948231135","","30","Μαμά 6943959416","0000-00-00 00:00:00","0000-00-00 00:00:00","50");
INSERT INTO students VALUES("70","ΚΑΠΕΤΑΝΙΟΥ","ΕΥΗ","6972345421","2104671524","23","Μαμά 6946657802","0000-00-00 00:00:00","0000-00-00 00:00:00","0");
INSERT INTO students VALUES("71","ΔΡΟΣΟΣ","ΒΑΓΓΕΛΗΣ","","2104650275","30","Μαμά Σοφία 6973223064","0000-00-00 00:00:00","0000-00-00 00:00:00","0");
INSERT INTO students VALUES("72","ΤΣΕΚΟΥΡΑΣ","ΤΑΣΟΣ","6981897544","2104655750","15","","0000-00-00 00:00:00","0000-00-00 00:00:00","0");
INSERT INTO students VALUES("73","ΑΝΑΓΝΩΣΤΟΠΟΥΛΟΣ","ΣΤΕΛΙΟΣ","6981899336","2104675281","15","","0000-00-00 00:00:00","0000-00-00 00:00:00","0");
INSERT INTO students VALUES("74","ΠΑΠΑΔΗΜΗΤΡΙΟΥ","ΜΙΧΑΛΗΣ","6984497469","2104658650","15","Μπαμπάς 6972462689","0000-00-00 00:00:00","0000-00-00 00:00:00","0");
INSERT INTO students VALUES("75","ΚΟΖΩΝΗ","ΤΖΩΡΤΖΙΝΑ","6980917283","","15","Μαμά 6980577382","0000-00-00 00:00:00","0000-00-00 00:00:00","0");
INSERT INTO students VALUES("76","ΛΕΤΚΑΣ","ΔΗΜΗΤΡΗΣ","6986614832","2104651842","15","Μαγαζί 2104674322","0000-00-00 00:00:00","0000-00-00 00:00:00","0");
INSERT INTO students VALUES("77","ΤΣΕΚΟΥΡΑΣ","ΔΗΜΗΤΡΗΣ","6976128532","2104674356","15","Μαμά Όλγα 6936802979","0000-00-00 00:00:00","0000-00-00 00:00:00","0");
INSERT INTO students VALUES("78","ΑΝΔΡΕΟΥ","ΝΤΟΡΑ","6986620083","2104674929","20","Μαμά 6944277370","0000-00-00 00:00:00","0000-00-00 00:00:00","340");
INSERT INTO students VALUES("79","ΜΙΧΑΛΑΡΟΣ","ΓΙΑΝΝΗΣ","6977897805","2104674005","15","Μιχάλαρου Νίκη\n6979865009\n2104682264","0000-00-00 00:00:00","0000-00-00 00:00:00","0");
INSERT INTO students VALUES("80","ΒΑΣΙΛΕΙΟΥ","ΜΑΝΤΩ","6972256322","2104651979","15","","0000-00-00 00:00:00","0000-00-00 00:00:00","0");
INSERT INTO students VALUES("81","ΓΡΑΜΜΑΤΙΚΟΣ","ΑΓΓΕΛΟΣ","6984317047","","15","","0000-00-00 00:00:00","0000-00-00 00:00:00","0");
INSERT INTO students VALUES("82","ΦΙΛΙΠΠΑΤΟΣ","ΛΕΥΤΕΡΗΣ","6980709315","2104675785","23","Μαμά 6937215587","0000-00-00 00:00:00","0000-00-00 00:00:00","0");
INSERT INTO students VALUES("83","ΠΡΩΤΟΓΕΡΟΠΟΥΛΟΥ","ΡΑΦΑΕΛΛΑ","6989122442","2104658883","15","","0000-00-00 00:00:00","0000-00-00 00:00:00","0");
INSERT INTO students VALUES("84","ΓΕΩΡΓΑΝΟΥ","ΒΑΣΩ","6983440373","2104657664","23","","0000-00-00 00:00:00","0000-00-00 00:00:00","0");
INSERT INTO students VALUES("85","ΡΙΖΟΣ","ΔΗΜΗΤΡΗΣ","6980696194","2104671741","15","","0000-00-00 00:00:00","0000-00-00 00:00:00","0");
INSERT INTO students VALUES("86","ΤΣΙΤΛΑΚΙΔΟΥ","ΧΑΡΑ","6980716423","","15","","0000-00-00 00:00:00","0000-00-00 00:00:00","0");
INSERT INTO students VALUES("87","ΜΙΚΕΛΑΤΟΣ","ΓΙΩΡΓΟΣ","6974694536","2104676340","23","Ζαφίρη 6948259105","0000-00-00 00:00:00","0000-00-00 00:00:00","0");
INSERT INTO students VALUES("88","ΓΚΟΓΚΑΣ","ΚΙΜΩΝΑΣ","","2104677355","30","Μαμά Μαριάνθη 6932533759","0000-00-00 00:00:00","0000-00-00 00:00:00","0");
INSERT INTO students VALUES("96","Σχολιαστής","Κώστας","","","12","Δοκιμαστικό σχόλιο \n2014658996","2013-12-13 01:01:40","2013-12-13 01:01:40","0");
INSERT INTO students VALUES("113","Κουτσούκος","Κωνσταντίνος","6909730113","2104674102","20","Θανάσης 6944507500","2014-01-09 00:23:56","2014-01-09 00:23:56","60");
INSERT INTO students VALUES("114","Χατζής","Χρήστος","6946588843","","15","Μαμά 6974532106","2014-01-09 00:27:19","2014-01-09 00:27:19","45");
INSERT INTO students VALUES("115","Μαντής","Δημήτρης","6981958044","","15","Μαμά (Βγέννα) 6976343169","2014-01-09 00:28:56","2014-01-09 00:28:56","45");
INSERT INTO students VALUES("116","Φράττης","Κωνσταντίνος","6980389446","","15","","2014-01-09 00:29:56","2014-01-09 00:29:56","45");
INSERT INTO students VALUES("117","Γεωργιάδου","Νάσια","6987938498","","20","Μαμά Μαίρη 6937113483","2014-01-09 00:30:29","2014-01-09 00:30:29","60");
INSERT INTO students VALUES("118","Κοκλιώτης","Σπύρος","6986537944","2104681055","18","","2014-01-09 00:30:57","2014-01-09 00:30:57","54");



DROP TABLE subjects;

CREATE TABLE `subjects` (
  `id` int(11) NOT NULL AUTO_INCREMENT,
  `title` varchar(30) NOT NULL,
  PRIMARY KEY (`id`)
) ENGINE=InnoDB AUTO_INCREMENT=15 DEFAULT CHARSET=utf8;

INSERT INTO subjects VALUES("1","Ανάπτυξη Εφαρμογών");
INSERT INTO subjects VALUES("2","Δίκτυα");
INSERT INTO subjects VALUES("3","Ecdl");
INSERT INTO subjects VALUES("4","Ecdl Expert");
INSERT INTO subjects VALUES("5","Java");
INSERT INTO subjects VALUES("6","Προγραμματισμός σε C");
INSERT INTO subjects VALUES("7","Επεξεργασία Σημάτων");
INSERT INTO subjects VALUES("8","Δομές Δεδομένων");
INSERT INTO subjects VALUES("9","Visual Basic");
INSERT INTO subjects VALUES("10","Άλλο");
INSERT INTO subjects VALUES("11","Προγραμματισμός σε C++");
INSERT INTO subjects VALUES("12","Fortran");
INSERT INTO subjects VALUES("13","Delphi");
INSERT INTO subjects VALUES("14","Βάσεις Δεδομένων");



DROP TABLE users;

CREATE TABLE `users` (
  `id` int(11) NOT NULL AUTO_INCREMENT,
  `username` varchar(20) NOT NULL,
  `password` varchar(40) NOT NULL,
  `lastName` varchar(30) NOT NULL,
  `firstName` varchar(30) NOT NULL,
  PRIMARY KEY (`id`)
) ENGINE=InnoDB AUTO_INCREMENT=2 DEFAULT CHARSET=utf8;

INSERT INTO users VALUES("1","tsapelis","d42c4b9059b35ad035c3222a7ef1c4ffbf973be4","Τσάπελης","Θανάσης");



